<?xml version="1.0" encoding="UTF-8"?>
<beans xmlns="http://www.springframework.org/schema/beans"
       xmlns:mvc="http://www.springframework.org/schema/mvc"
       xmlns:context="http://www.springframework.org/schema/context"
       xmlns:xsi="http://www.w3.org/2001/XMLSchema-instance"
       xsi:schemaLocation="
        http://www.springframework.org/schema/beans
        http://www.springframework.org/schema/beans/spring-beans.xsd
        http://www.springframework.org/schema/mvc
        http://www.springframework.org/schema/mvc/spring-mvc.xsd
        http://www.springframework.org/schema/context
        http://www.springframework.org/schema/context/spring-context.xsd">
    <!--开启注解扫描，只扫描Controller注解-->
    <context:component-scan base-package="com">
        <context:include-filter type="annotation" expression="org.springframework.stereotype.Controller"/>
    </context:component-scan>

    <!--Spring整合MyBatis框架-->
    <!--配置连接池-->
    <bean id="dataSource" class="org.springframework.jdbc.datasource.DriverManagerDataSource">
        <property name="driverClassName" value="com.microsoft.sqlserver.jdbc.SQLServerDriver"/>
        <property name="url" value="jdbc:sqlserver://localhost:3306/ssm"/>
        <property name="username" value="sa"/>
        <property name="password" value="123456cyl"/>
    </bean>

    <!--配置SqlSessionFactory工厂-->
    <bean id="sqlSessionFactory" class="org.mybatis.spring.SqlSessionFactoryBean">
        <property name="dataSource" ref="dataSource" />
    </bean>

    <!--配置Dao接口所在包-->
    <bean id="mapperScanner" class="org.mybatis.spring.mapper.MapperScannerConfigurer">
        <property name="basePackage" value="com.DAL"/>
    </bean>

    <!--配置Spring框架声明式事务管理-->
    <!--配置事务管理器-->
    <bean id="transactionManager" class="org.springframework.jdbc.datasource.DataSourceTransactionManager">
        <property name="dataSource" ref="dataSource" />
    </bean>

    <!--配置事务通知-->
    <tx:advice id="txAdvice" transaction-manager="transactionManager">
        <tx:attributes>
            <tx:method name="find*" read-only="true"/>
            <tx:method name="*" isolation="DEFAULT"/>
        </tx:attributes>
    </tx:advice>

    <!--配置AOP增强-->
    <aop:config>
        <aop:advisor advice-ref="txAdvice" pointcut="execution(* com.Service.impl.*ServiceImpl.*(..))"/>
    </aop:config>
</beans>
